"Notes"	"Year"	"Year Code"	"Single-Year Ages"	"Single-Year Ages Code"	"Cause of death"	"Cause of death Code"	Deaths	Population	Crude Rate	% of Total Deaths
	"1999"	"1999"	"3 years"	"3"	"Assault by other and unspecified firearm discharge"	"X95"	12	3824806	Unreliable	0.0%
	"1999"	"1999"	"6 years"	"6"	"Assault by other and unspecified firearm discharge"	"X95"	12	4042620	Unreliable	0.0%
	"1999"	"1999"	"8 years"	"8"	"Assault by other and unspecified firearm discharge"	"X95"	11	4170706	Unreliable	0.0%
	"1999"	"1999"	"9 years"	"9"	"Assault by other and unspecified firearm discharge"	"X95"	10	4230069	Unreliable	0.0%
	"1999"	"1999"	"12 years"	"12"	"Assault by other and unspecified firearm discharge"	"X95"	13	4009910	Unreliable	0.0%
	"1999"	"1999"	"13 years"	"13"	"Intentional self-harm by other and unspecified firearm discharge"	"X74"	12	4003607	Unreliable	0.0%
	"1999"	"1999"	"13 years"	"13"	"Assault by other and unspecified firearm discharge"	"X95"	28	4003607	0.7	0.1%
	"1999"	"1999"	"14 years"	"14"	"Intentional self-harm by rifle, shotgun and larger firearm discharge"	"X73"	16	4015012	Unreliable	0.1%
	"1999"	"1999"	"14 years"	"14"	"Intentional self-harm by other and unspecified firearm discharge"	"X74"	38	4015012	0.9	0.1%
	"1999"	"1999"	"14 years"	"14"	"Assault by other and unspecified firearm discharge"	"X95"	70	4015012	1.7	0.2%
	"1999"	"1999"	"15 years"	"15"	"Intentional self-harm by handgun discharge"	"X72"	14	3939152	Unreliable	0.0%
	"1999"	"1999"	"15 years"	"15"	"Intentional self-harm by rifle, shotgun and larger firearm discharge"	"X73"	13	3939152	Unreliable	0.0%
	"1999"	"1999"	"15 years"	"15"	"Intentional self-harm by other and unspecified firearm discharge"	"X74"	54	3939152	1.4	0.2%
	"1999"	"1999"	"15 years"	"15"	"Assault by handgun discharge"	"X93"	17	3939152	Unreliable	0.1%
	"1999"	"1999"	"15 years"	"15"	"Assault by rifle, shotgun and larger firearm discharge"	"X94"	10	3939152	Unreliable	0.0%
	"1999"	"1999"	"15 years"	"15"	"Assault by other and unspecified firearm discharge"	"X95"	100	3939152	2.5	0.3%
	"1999"	"1999"	"16 years"	"16"	"Intentional self-harm by handgun discharge"	"X72"	30	4020305	0.7	0.1%
	"1999"	"1999"	"16 years"	"16"	"Intentional self-harm by rifle, shotgun and larger firearm discharge"	"X73"	35	4020305	0.9	0.1%
	"1999"	"1999"	"16 years"	"16"	"Intentional self-harm by other and unspecified firearm discharge"	"X74"	112	4020305	2.8	0.4%
	"1999"	"1999"	"16 years"	"16"	"Assault by handgun discharge"	"X93"	26	4020305	0.6	0.1%
	"1999"	"1999"	"16 years"	"16"	"Assault by rifle, shotgun and larger firearm discharge"	"X94"	21	4020305	0.5	0.1%
	"1999"	"1999"	"16 years"	"16"	"Assault by other and unspecified firearm discharge"	"X95"	193	4020305	4.8	0.6%
	"1999"	"1999"	"17 years"	"17"	"Intentional self-harm by handgun discharge"	"X72"	38	4031224	0.9	0.1%
	"1999"	"1999"	"17 years"	"17"	"Intentional self-harm by rifle, shotgun and larger firearm discharge"	"X73"	31	4031224	0.8	0.1%
	"1999"	"1999"	"17 years"	"17"	"Intentional self-harm by other and unspecified firearm discharge"	"X74"	128	4031224	3.2	0.4%
	"1999"	"1999"	"17 years"	"17"	"Assault by handgun discharge"	"X93"	30	4031224	0.7	0.1%
	"1999"	"1999"	"17 years"	"17"	"Assault by rifle, shotgun and larger firearm discharge"	"X94"	15	4031224	Unreliable	0.0%
	"1999"	"1999"	"17 years"	"17"	"Assault by other and unspecified firearm discharge"	"X95"	307	4031224	7.6	1.0%
	"2000"	"2000"	"12 years"	"12"	"Assault by other and unspecified firearm discharge"	"X95"	16	4075842	Unreliable	0.1%
	"2000"	"2000"	"13 years"	"13"	"Intentional self-harm by other and unspecified firearm discharge"	"X74"	20	4010850	0.5	0.1%
	"2000"	"2000"	"13 years"	"13"	"Assault by other and unspecified firearm discharge"	"X95"	24	4010850	0.6	0.1%
	"2000"	"2000"	"14 years"	"14"	"Intentional self-harm by handgun discharge"	"X72"	11	4052231	Unreliable	0.0%
	"2000"	"2000"	"14 years"	"14"	"Intentional self-harm by rifle, shotgun and larger firearm discharge"	"X73"	16	4052231	Unreliable	0.1%
	"2000"	"2000"	"14 years"	"14"	"Intentional self-harm by other and unspecified firearm discharge"	"X74"	34	4052231	0.8	0.1%
	"2000"	"2000"	"14 years"	"14"	"Assault by other and unspecified firearm discharge"	"X95"	55	4052231	1.4	0.2%
	"2000"	"2000"	"15 years"	"15"	"Intentional self-harm by handgun discharge"	"X72"	23	4019404	0.6	0.1%
	"2000"	"2000"	"15 years"	"15"	"Intentional self-harm by rifle, shotgun and larger firearm discharge"	"X73"	20	4019404	0.5	0.1%
	"2000"	"2000"	"15 years"	"15"	"Intentional self-harm by other and unspecified firearm discharge"	"X74"	53	4019404	1.3	0.2%
	"2000"	"2000"	"15 years"	"15"	"Assault by handgun discharge"	"X93"	17	4019404	Unreliable	0.1%
	"2000"	"2000"	"15 years"	"15"	"Assault by other and unspecified firearm discharge"	"X95"	102	4019404	2.5	0.3%
	"2000"	"2000"	"16 years"	"16"	"Intentional self-harm by handgun discharge"	"X72"	23	3975021	0.6	0.1%
	"2000"	"2000"	"16 years"	"16"	"Intentional self-harm by rifle, shotgun and larger firearm discharge"	"X73"	40	3975021	1.0	0.1%
	"2000"	"2000"	"16 years"	"16"	"Intentional self-harm by other and unspecified firearm discharge"	"X74"	101	3975021	2.5	0.3%
	"2000"	"2000"	"16 years"	"16"	"Assault by handgun discharge"	"X93"	16	3975021	Unreliable	0.1%
	"2000"	"2000"	"16 years"	"16"	"Assault by other and unspecified firearm discharge"	"X95"	153	3975021	3.8	0.5%
	"2000"	"2000"	"17 years"	"17"	"Intentional self-harm by handgun discharge"	"X72"	22	4046012	0.5	0.1%
	"2000"	"2000"	"17 years"	"17"	"Intentional self-harm by rifle, shotgun and larger firearm discharge"	"X73"	40	4046012	1.0	0.1%
	"2000"	"2000"	"17 years"	"17"	"Intentional self-harm by other and unspecified firearm discharge"	"X74"	105	4046012	2.6	0.3%
	"2000"	"2000"	"17 years"	"17"	"Assault by handgun discharge"	"X93"	24	4046012	0.6	0.1%
	"2000"	"2000"	"17 years"	"17"	"Assault by rifle, shotgun and larger firearm discharge"	"X94"	15	4046012	Unreliable	0.0%
	"2000"	"2000"	"17 years"	"17"	"Assault by other and unspecified firearm discharge"	"X95"	253	4046012	6.3	0.8%
	"2001"	"2001"	"< 1 year"	"0"	"Assault by other and unspecified firearm discharge"	"X95"	10	4012658	Unreliable	0.0%
	"2001"	"2001"	"4 years"	"4"	"Assault by other and unspecified firearm discharge"	"X95"	14	3827346	Unreliable	0.0%
	"2001"	"2001"	"5 years"	"5"	"Assault by other and unspecified firearm discharge"	"X95"	10	3910033	Unreliable	0.0%
	"2001"	"2001"	"8 years"	"8"	"Assault by other and unspecified firearm discharge"	"X95"	11	4099542	Unreliable	0.0%
	"2001"	"2001"	"9 years"	"9"	"Assault by other and unspecified firearm discharge"	"X95"	10	4179230	Unreliable	0.0%
	"2001"	"2001"	"11 years"	"11"	"Assault by other and unspecified firearm discharge"	"X95"	11	4344913	Unreliable	0.0%
	"2001"	"2001"	"12 years"	"12"	"Assault by other and unspecified firearm discharge"	"X95"	13	4183955	Unreliable	0.0%
	"2001"	"2001"	"13 years"	"13"	"Intentional self-harm by other and unspecified firearm discharge"	"X74"	17	4113191	Unreliable	0.1%
	"2001"	"2001"	"13 years"	"13"	"Assault by other and unspecified firearm discharge"	"X95"	16	4113191	Unreliable	0.1%
	"2001"	"2001"	"14 years"	"14"	"Intentional self-harm by handgun discharge"	"X72"	10	4059370	Unreliable	0.0%
	"2001"	"2001"	"14 years"	"14"	"Intentional self-harm by rifle, shotgun and larger firearm discharge"	"X73"	10	4059370	Unreliable	0.0%
	"2001"	"2001"	"14 years"	"14"	"Intentional self-harm by other and unspecified firearm discharge"	"X74"	28	4059370	0.7	0.1%
	"2001"	"2001"	"14 years"	"14"	"Assault by other and unspecified firearm discharge"	"X95"	45	4059370	1.1	0.1%
	"2001"	"2001"	"15 years"	"15"	"Intentional self-harm by handgun discharge"	"X72"	10	4083878	Unreliable	0.0%
	"2001"	"2001"	"15 years"	"15"	"Intentional self-harm by rifle, shotgun and larger firearm discharge"	"X73"	16	4083878	Unreliable	0.1%
	"2001"	"2001"	"15 years"	"15"	"Intentional self-harm by other and unspecified firearm discharge"	"X74"	47	4083878	1.2	0.2%
	"2001"	"2001"	"15 years"	"15"	"Assault by rifle, shotgun and larger firearm discharge"	"X94"	11	4083878	Unreliable	0.0%
	"2001"	"2001"	"15 years"	"15"	"Assault by other and unspecified firearm discharge"	"X95"	93	4083878	2.3	0.3%
	"2001"	"2001"	"16 years"	"16"	"Intentional self-harm by handgun discharge"	"X72"	15	4108304	Unreliable	0.0%
	"2001"	"2001"	"16 years"	"16"	"Intentional self-harm by rifle, shotgun and larger firearm discharge"	"X73"	22	4108304	0.5	0.1%
	"2001"	"2001"	"16 years"	"16"	"Intentional self-harm by other and unspecified firearm discharge"	"X74"	74	4108304	1.8	0.2%
	"2001"	"2001"	"16 years"	"16"	"Assault by handgun discharge"	"X93"	16	4108304	Unreliable	0.1%
	"2001"	"2001"	"16 years"	"16"	"Assault by other and unspecified firearm discharge"	"X95"	167	4108304	4.1	0.5%
	"2001"	"2001"	"17 years"	"17"	"Intentional self-harm by handgun discharge"	"X72"	29	4028736	0.7	0.1%
	"2001"	"2001"	"17 years"	"17"	"Intentional self-harm by rifle, shotgun and larger firearm discharge"	"X73"	33	4028736	0.8	0.1%
	"2001"	"2001"	"17 years"	"17"	"Intentional self-harm by other and unspecified firearm discharge"	"X74"	115	4028736	2.9	0.4%
	"2001"	"2001"	"17 years"	"17"	"Assault by handgun discharge"	"X93"	29	4028736	0.7	0.1%
	"2001"	"2001"	"17 years"	"17"	"Assault by rifle, shotgun and larger firearm discharge"	"X94"	11	4028736	Unreliable	0.0%
	"2001"	"2001"	"17 years"	"17"	"Assault by other and unspecified firearm discharge"	"X95"	245	4028736	6.1	0.8%
	"2002"	"2002"	"2 years"	"2"	"Assault by other and unspecified firearm discharge"	"X95"	11	3856114	Unreliable	0.0%
	"2002"	"2002"	"3 years"	"3"	"Assault by other and unspecified firearm discharge"	"X95"	11	3804336	Unreliable	0.0%
	"2002"	"2002"	"4 years"	"4"	"Assault by other and unspecified firearm discharge"	"X95"	11	3812607	Unreliable	0.0%
	"2002"	"2002"	"9 years"	"9"	"Assault by other and unspecified firearm discharge"	"X95"	16	4118846	Unreliable	0.1%
	"2002"	"2002"	"10 years"	"10"	"Assault by other and unspecified firearm discharge"	"X95"	13	4243816	Unreliable	0.0%
	"2002"	"2002"	"11 years"	"11"	"Assault by other and unspecified firearm discharge"	"X95"	13	4295720	Unreliable	0.0%
	"2002"	"2002"	"12 years"	"12"	"Intentional self-harm by other and unspecified firearm discharge"	"X74"	12	4380351	Unreliable	0.0%
	"2002"	"2002"	"12 years"	"12"	"Assault by other and unspecified firearm discharge"	"X95"	17	4380351	Unreliable	0.1%
	"2002"	"2002"	"13 years"	"13"	"Intentional self-harm by other and unspecified firearm discharge"	"X74"	19	4209025	Unreliable	0.1%
	"2002"	"2002"	"13 years"	"13"	"Assault by other and unspecified firearm discharge"	"X95"	26	4209025	0.6	0.1%
	"2002"	"2002"	"14 years"	"14"	"Intentional self-harm by other and unspecified firearm discharge"	"X74"	24	4132509	0.6	0.1%
	"2002"	"2002"	"14 years"	"14"	"Assault by handgun discharge"	"X93"	11	4132509	Unreliable	0.0%
	"2002"	"2002"	"14 years"	"14"	"Assault by rifle, shotgun and larger firearm discharge"	"X94"	10	4132509	Unreliable	0.0%
	"2002"	"2002"	"14 years"	"14"	"Assault by other and unspecified firearm discharge"	"X95"	35	4132509	0.8	0.1%
	"2002"	"2002"	"15 years"	"15"	"Intentional self-harm by handgun discharge"	"X72"	15	4097876	Unreliable	0.0%
	"2002"	"2002"	"15 years"	"15"	"Intentional self-harm by rifle, shotgun and larger firearm discharge"	"X73"	10	4097876	Unreliable	0.0%
	"2002"	"2002"	"15 years"	"15"	"Intentional self-harm by other and unspecified firearm discharge"	"X74"	42	4097876	1.0	0.1%
	"2002"	"2002"	"15 years"	"15"	"Assault by handgun discharge"	"X93"	12	4097876	Unreliable	0.0%
	"2002"	"2002"	"15 years"	"15"	"Assault by rifle, shotgun and larger firearm discharge"	"X94"	11	4097876	Unreliable	0.0%
	"2002"	"2002"	"15 years"	"15"	"Assault by other and unspecified firearm discharge"	"X95"	93	4097876	2.3	0.3%
	"2002"	"2002"	"16 years"	"16"	"Intentional self-harm by handgun discharge"	"X72"	24	4126961	0.6	0.1%
	"2002"	"2002"	"16 years"	"16"	"Intentional self-harm by rifle, shotgun and larger firearm discharge"	"X73"	23	4126961	0.6	0.1%
	"2002"	"2002"	"16 years"	"16"	"Intentional self-harm by other and unspecified firearm discharge"	"X74"	79	4126961	1.9	0.3%
	"2002"	"2002"	"16 years"	"16"	"Assault by handgun discharge"	"X93"	19	4126961	Unreliable	0.1%
	"2002"	"2002"	"16 years"	"16"	"Assault by rifle, shotgun and larger firearm discharge"	"X94"	12	4126961	Unreliable	0.0%
	"2002"	"2002"	"16 years"	"16"	"Assault by other and unspecified firearm discharge"	"X95"	166	4126961	4.0	0.5%
	"2002"	"2002"	"17 years"	"17"	"Intentional self-harm by handgun discharge"	"X72"	16	4148590	Unreliable	0.1%
	"2002"	"2002"	"17 years"	"17"	"Intentional self-harm by rifle, shotgun and larger firearm discharge"	"X73"	30	4148590	0.7	0.1%
	"2002"	"2002"	"17 years"	"17"	"Intentional self-harm by other and unspecified firearm discharge"	"X74"	98	4148590	2.4	0.3%
	"2002"	"2002"	"17 years"	"17"	"Assault by handgun discharge"	"X93"	23	4148590	0.6	0.1%
	"2002"	"2002"	"17 years"	"17"	"Assault by rifle, shotgun and larger firearm discharge"	"X94"	14	4148590	Unreliable	0.0%
	"2002"	"2002"	"17 years"	"17"	"Assault by other and unspecified firearm discharge"	"X95"	259	4148590	6.2	0.9%
	"2003"	"2003"	"2 years"	"2"	"Assault by other and unspecified firearm discharge"	"X95"	11	4002836	Unreliable	0.0%
	"2003"	"2003"	"3 years"	"3"	"Assault by other and unspecified firearm discharge"	"X95"	10	3860727	Unreliable	0.0%
	"2003"	"2003"	"10 years"	"10"	"Assault by other and unspecified firearm discharge"	"X95"	11	4205042	Unreliable	0.0%
	"2003"	"2003"	"12 years"	"12"	"Assault by other and unspecified firearm discharge"	"X95"	23	4332987	0.5	0.1%
	"2003"	"2003"	"13 years"	"13"	"Assault by other and unspecified firearm discharge"	"X95"	19	4401393	Unreliable	0.1%
	"2003"	"2003"	"14 years"	"14"	"Intentional self-harm by other and unspecified firearm discharge"	"X74"	26	4221884	0.6	0.1%
	"2003"	"2003"	"14 years"	"14"	"Assault by other and unspecified firearm discharge"	"X95"	53	4221884	1.3	0.2%
	"2003"	"2003"	"15 years"	"15"	"Intentional self-harm by handgun discharge"	"X72"	12	4172654	Unreliable	0.0%
	"2003"	"2003"	"15 years"	"15"	"Intentional self-harm by rifle, shotgun and larger firearm discharge"	"X73"	11	4172654	Unreliable	0.0%
	"2003"	"2003"	"15 years"	"15"	"Intentional self-harm by other and unspecified firearm discharge"	"X74"	45	4172654	1.1	0.1%
	"2003"	"2003"	"15 years"	"15"	"Assault by handgun discharge"	"X93"	10	4172654	Unreliable	0.0%
	"2003"	"2003"	"15 years"	"15"	"Assault by other and unspecified firearm discharge"	"X95"	90	4172654	2.2	0.3%
	"2003"	"2003"	"16 years"	"16"	"Intentional self-harm by handgun discharge"	"X72"	15	4139141	Unreliable	0.0%
	"2003"	"2003"	"16 years"	"16"	"Intentional self-harm by rifle, shotgun and larger firearm discharge"	"X73"	23	4139141	0.6	0.1%
	"2003"	"2003"	"16 years"	"16"	"Intentional self-harm by other and unspecified firearm discharge"	"X74"	63	4139141	1.5	0.2%
	"2003"	"2003"	"16 years"	"16"	"Assault by handgun discharge"	"X93"	18	4139141	Unreliable	0.1%
	"2003"	"2003"	"16 years"	"16"	"Assault by rifle, shotgun and larger firearm discharge"	"X94"	12	4139141	Unreliable	0.0%
	"2003"	"2003"	"16 years"	"16"	"Assault by other and unspecified firearm discharge"	"X95"	156	4139141	3.8	0.5%
	"2003"	"2003"	"17 years"	"17"	"Intentional self-harm by handgun discharge"	"X72"	24	4160313	0.6	0.1%
	"2003"	"2003"	"17 years"	"17"	"Intentional self-harm by rifle, shotgun and larger firearm discharge"	"X73"	31	4160313	0.7	0.1%
	"2003"	"2003"	"17 years"	"17"	"Intentional self-harm by other and unspecified firearm discharge"	"X74"	79	4160313	1.9	0.3%
	"2003"	"2003"	"17 years"	"17"	"Assault by handgun discharge"	"X93"	26	4160313	0.6	0.1%
	"2003"	"2003"	"17 years"	"17"	"Assault by other and unspecified firearm discharge"	"X95"	243	4160313	5.8	0.8%
	"2004"	"2004"	"12 years"	"12"	"Assault by other and unspecified firearm discharge"	"X95"	13	4293550	Unreliable	0.0%
	"2004"	"2004"	"13 years"	"13"	"Assault by other and unspecified firearm discharge"	"X95"	26	4350199	0.6	0.1%
	"2004"	"2004"	"14 years"	"14"	"Intentional self-harm by other and unspecified firearm discharge"	"X74"	18	4408259	Unreliable	0.1%
	"2004"	"2004"	"14 years"	"14"	"Assault by other and unspecified firearm discharge"	"X95"	57	4408259	1.3	0.2%
	"2004"	"2004"	"15 years"	"15"	"Intentional self-harm by rifle, shotgun and larger firearm discharge"	"X73"	13	4264863	Unreliable	0.0%
	"2004"	"2004"	"15 years"	"15"	"Intentional self-harm by other and unspecified firearm discharge"	"X74"	41	4264863	1.0	0.1%
	"2004"	"2004"	"15 years"	"15"	"Assault by handgun discharge"	"X93"	12	4264863	Unreliable	0.0%
	"2004"	"2004"	"15 years"	"15"	"Assault by other and unspecified firearm discharge"	"X95"	111	4264863	2.6	0.4%
	"2004"	"2004"	"16 years"	"16"	"Intentional self-harm by handgun discharge"	"X72"	20	4213762	0.5	0.1%
	"2004"	"2004"	"16 years"	"16"	"Intentional self-harm by rifle, shotgun and larger firearm discharge"	"X73"	37	4213762	0.9	0.1%
	"2004"	"2004"	"16 years"	"16"	"Intentional self-harm by other and unspecified firearm discharge"	"X74"	61	4213762	1.4	0.2%
	"2004"	"2004"	"16 years"	"16"	"Assault by handgun discharge"	"X93"	17	4213762	Unreliable	0.1%
	"2004"	"2004"	"16 years"	"16"	"Assault by rifle, shotgun and larger firearm discharge"	"X94"	13	4213762	Unreliable	0.0%
	"2004"	"2004"	"16 years"	"16"	"Assault by other and unspecified firearm discharge"	"X95"	164	4213762	3.9	0.5%
	"2004"	"2004"	"17 years"	"17"	"Intentional self-harm by handgun discharge"	"X72"	33	4167308	0.8	0.1%
	"2004"	"2004"	"17 years"	"17"	"Intentional self-harm by rifle, shotgun and larger firearm discharge"	"X73"	29	4167308	0.7	0.1%
	"2004"	"2004"	"17 years"	"17"	"Intentional self-harm by other and unspecified firearm discharge"	"X74"	82	4167308	2.0	0.3%
	"2004"	"2004"	"17 years"	"17"	"Assault by handgun discharge"	"X93"	24	4167308	0.6	0.1%
	"2004"	"2004"	"17 years"	"17"	"Assault by rifle, shotgun and larger firearm discharge"	"X94"	17	4167308	Unreliable	0.1%
	"2004"	"2004"	"17 years"	"17"	"Assault by other and unspecified firearm discharge"	"X95"	277	4167308	6.6	0.9%
	"2005"	"2005"	"11 years"	"11"	"Assault by other and unspecified firearm discharge"	"X95"	10	4149228	Unreliable	0.0%
	"2005"	"2005"	"12 years"	"12"	"Assault by other and unspecified firearm discharge"	"X95"	11	4251162	Unreliable	0.0%
	"2005"	"2005"	"13 years"	"13"	"Intentional self-harm by other and unspecified firearm discharge"	"X74"	13	4308851	Unreliable	0.0%
	"2005"	"2005"	"13 years"	"13"	"Assault by other and unspecified firearm discharge"	"X95"	35	4308851	0.8	0.1%
	"2005"	"2005"	"14 years"	"14"	"Intentional self-harm by handgun discharge"	"X72"	10	4353216	Unreliable	0.0%
	"2005"	"2005"	"14 years"	"14"	"Intentional self-harm by other and unspecified firearm discharge"	"X74"	30	4353216	0.7	0.1%
	"2005"	"2005"	"14 years"	"14"	"Assault by rifle, shotgun and larger firearm discharge"	"X94"	11	4353216	Unreliable	0.0%
	"2005"	"2005"	"14 years"	"14"	"Assault by other and unspecified firearm discharge"	"X95"	47	4353216	1.1	0.2%
	"2005"	"2005"	"15 years"	"15"	"Intentional self-harm by handgun discharge"	"X72"	14	4456969	Unreliable	0.0%
	"2005"	"2005"	"15 years"	"15"	"Intentional self-harm by rifle, shotgun and larger firearm discharge"	"X73"	23	4456969	0.5	0.1%
	"2005"	"2005"	"15 years"	"15"	"Intentional self-harm by other and unspecified firearm discharge"	"X74"	48	4456969	1.1	0.2%
	"2005"	"2005"	"15 years"	"15"	"Assault by other and unspecified firearm discharge"	"X95"	130	4456969	2.9	0.4%
	"2005"	"2005"	"16 years"	"16"	"Intentional self-harm by handgun discharge"	"X72"	15	4308145	Unreliable	0.0%
	"2005"	"2005"	"16 years"	"16"	"Intentional self-harm by rifle, shotgun and larger firearm discharge"	"X73"	25	4308145	0.6	0.1%
	"2005"	"2005"	"16 years"	"16"	"Intentional self-harm by other and unspecified firearm discharge"	"X74"	66	4308145	1.5	0.2%
	"2005"	"2005"	"16 years"	"16"	"Assault by handgun discharge"	"X93"	23	4308145	0.5	0.1%
	"2005"	"2005"	"16 years"	"16"	"Assault by rifle, shotgun and larger firearm discharge"	"X94"	11	4308145	Unreliable	0.0%
	"2005"	"2005"	"16 years"	"16"	"Assault by other and unspecified firearm discharge"	"X95"	181	4308145	4.2	0.6%
	"2005"	"2005"	"17 years"	"17"	"Intentional self-harm by handgun discharge"	"X72"	32	4239509	0.8	0.1%
	"2005"	"2005"	"17 years"	"17"	"Intentional self-harm by rifle, shotgun and larger firearm discharge"	"X73"	26	4239509	0.6	0.1%
	"2005"	"2005"	"17 years"	"17"	"Intentional self-harm by other and unspecified firearm discharge"	"X74"	79	4239509	1.9	0.3%
	"2005"	"2005"	"17 years"	"17"	"Assault by handgun discharge"	"X93"	32	4239509	0.8	0.1%
	"2005"	"2005"	"17 years"	"17"	"Assault by other and unspecified firearm discharge"	"X95"	289	4239509	6.8	0.9%
	"2006"	"2006"	"2 years"	"2"	"Assault by other and unspecified firearm discharge"	"X95"	10	3988119	Unreliable	0.0%
	"2006"	"2006"	"3 years"	"3"	"Assault by other and unspecified firearm discharge"	"X95"	11	3966022	Unreliable	0.0%
	"2006"	"2006"	"5 years"	"5"	"Assault by other and unspecified firearm discharge"	"X95"	15	4050582	Unreliable	0.0%
	"2006"	"2006"	"8 years"	"8"	"Assault by other and unspecified firearm discharge"	"X95"	11	3852265	Unreliable	0.0%
	"2006"	"2006"	"10 years"	"10"	"Assault by other and unspecified firearm discharge"	"X95"	10	4121105	Unreliable	0.0%
	"2006"	"2006"	"11 years"	"11"	"Assault by other and unspecified firearm discharge"	"X95"	17	4141970	Unreliable	0.1%
	"2006"	"2006"	"12 years"	"12"	"Assault by other and unspecified firearm discharge"	"X95"	13	4196880	Unreliable	0.0%
	"2006"	"2006"	"13 years"	"13"	"Assault by other and unspecified firearm discharge"	"X95"	23	4264733	0.5	0.1%
	"2006"	"2006"	"14 years"	"14"	"Intentional self-harm by rifle, shotgun and larger firearm discharge"	"X73"	11	4308450	Unreliable	0.0%
	"2006"	"2006"	"14 years"	"14"	"Intentional self-harm by other and unspecified firearm discharge"	"X74"	18	4308450	Unreliable	0.1%
	"2006"	"2006"	"14 years"	"14"	"Assault by handgun discharge"	"X93"	10	4308450	Unreliable	0.0%
	"2006"	"2006"	"14 years"	"14"	"Assault by rifle, shotgun and larger firearm discharge"	"X94"	12	4308450	Unreliable	0.0%
	"2006"	"2006"	"14 years"	"14"	"Assault by other and unspecified firearm discharge"	"X95"	73	4308450	1.7	0.2%
	"2006"	"2006"	"15 years"	"15"	"Intentional self-harm by handgun discharge"	"X72"	15	4406515	Unreliable	0.0%
	"2006"	"2006"	"15 years"	"15"	"Intentional self-harm by rifle, shotgun and larger firearm discharge"	"X73"	13	4406515	Unreliable	0.0%
	"2006"	"2006"	"15 years"	"15"	"Intentional self-harm by other and unspecified firearm discharge"	"X74"	42	4406515	1.0	0.1%
	"2006"	"2006"	"15 years"	"15"	"Assault by handgun discharge"	"X93"	13	4406515	Unreliable	0.0%
	"2006"	"2006"	"15 years"	"15"	"Assault by rifle, shotgun and larger firearm discharge"	"X94"	13	4406515	Unreliable	0.0%
	"2006"	"2006"	"15 years"	"15"	"Assault by other and unspecified firearm discharge"	"X95"	117	4406515	2.7	0.4%
	"2006"	"2006"	"16 years"	"16"	"Intentional self-harm by handgun discharge"	"X72"	16	4502997	Unreliable	0.1%
	"2006"	"2006"	"16 years"	"16"	"Intentional self-harm by rifle, shotgun and larger firearm discharge"	"X73"	30	4502997	0.7	0.1%
	"2006"	"2006"	"16 years"	"16"	"Intentional self-harm by other and unspecified firearm discharge"	"X74"	62	4502997	1.4	0.2%
	"2006"	"2006"	"16 years"	"16"	"Assault by handgun discharge"	"X93"	19	4502997	Unreliable	0.1%
	"2006"	"2006"	"16 years"	"16"	"Assault by rifle, shotgun and larger firearm discharge"	"X94"	16	4502997	Unreliable	0.1%
	"2006"	"2006"	"16 years"	"16"	"Assault by other and unspecified firearm discharge"	"X95"	211	4502997	4.7	0.7%
	"2006"	"2006"	"17 years"	"17"	"Intentional self-harm by handgun discharge"	"X72"	23	4331493	0.5	0.1%
	"2006"	"2006"	"17 years"	"17"	"Intentional self-harm by rifle, shotgun and larger firearm discharge"	"X73"	33	4331493	0.8	0.1%
	"2006"	"2006"	"17 years"	"17"	"Intentional self-harm by other and unspecified firearm discharge"	"X74"	75	4331493	1.7	0.2%
	"2006"	"2006"	"17 years"	"17"	"Assault by handgun discharge"	"X93"	41	4331493	0.9	0.1%
	"2006"	"2006"	"17 years"	"17"	"Assault by rifle, shotgun and larger firearm discharge"	"X94"	17	4331493	Unreliable	0.1%
	"2006"	"2006"	"17 years"	"17"	"Assault by other and unspecified firearm discharge"	"X95"	350	4331493	8.1	1.1%
	"2007"	"2007"	"< 1 year"	"0"	"Assault by other and unspecified firearm discharge"	"X95"	10	4147997	Unreliable	0.0%
	"2007"	"2007"	"1 year"	"1"	"Assault by other and unspecified firearm discharge"	"X95"	10	4002215	Unreliable	0.0%
	"2007"	"2007"	"3 years"	"3"	"Assault by other and unspecified firearm discharge"	"X95"	13	4004011	Unreliable	0.0%
	"2007"	"2007"	"4 years"	"4"	"Assault by other and unspecified firearm discharge"	"X95"	10	3998260	Unreliable	0.0%
	"2007"	"2007"	"6 years"	"6"	"Assault by other and unspecified firearm discharge"	"X95"	13	4046402	Unreliable	0.0%
	"2007"	"2007"	"7 years"	"7"	"Assault by other and unspecified firearm discharge"	"X95"	10	3914743	Unreliable	0.0%
	"2007"	"2007"	"11 years"	"11"	"Assault by other and unspecified firearm discharge"	"X95"	16	4106492	Unreliable	0.1%
	"2007"	"2007"	"12 years"	"12"	"Assault by other and unspecified firearm discharge"	"X95"	12	4192002	Unreliable	0.0%
	"2007"	"2007"	"13 years"	"13"	"Intentional self-harm by other and unspecified firearm discharge"	"X74"	13	4207326	Unreliable	0.0%
	"2007"	"2007"	"13 years"	"13"	"Assault by other and unspecified firearm discharge"	"X95"	25	4207326	0.6	0.1%
	"2007"	"2007"	"14 years"	"14"	"Intentional self-harm by other and unspecified firearm discharge"	"X74"	17	4259504	Unreliable	0.1%
	"2007"	"2007"	"14 years"	"14"	"Assault by other and unspecified firearm discharge"	"X95"	63	4259504	1.5	0.2%
	"2007"	"2007"	"15 years"	"15"	"Intentional self-harm by rifle, shotgun and larger firearm discharge"	"X73"	13	4364495	Unreliable	0.0%
	"2007"	"2007"	"15 years"	"15"	"Intentional self-harm by other and unspecified firearm discharge"	"X74"	34	4364495	0.8	0.1%
	"2007"	"2007"	"15 years"	"15"	"Assault by other and unspecified firearm discharge"	"X95"	136	4364495	3.1	0.4%
	"2007"	"2007"	"16 years"	"16"	"Intentional self-harm by handgun discharge"	"X72"	17	4452250	Unreliable	0.1%
	"2007"	"2007"	"16 years"	"16"	"Intentional self-harm by rifle, shotgun and larger firearm discharge"	"X73"	22	4452250	0.5	0.1%
	"2007"	"2007"	"16 years"	"16"	"Intentional self-harm by other and unspecified firearm discharge"	"X74"	53	4452250	1.2	0.2%
	"2007"	"2007"	"16 years"	"16"	"Assault by handgun discharge"	"X93"	13	4452250	Unreliable	0.0%
	"2007"	"2007"	"16 years"	"16"	"Assault by rifle, shotgun and larger firearm discharge"	"X94"	11	4452250	Unreliable	0.0%
	"2007"	"2007"	"16 years"	"16"	"Assault by other and unspecified firearm discharge"	"X95"	211	4452250	4.7	0.7%
	"2007"	"2007"	"17 years"	"17"	"Intentional self-harm by handgun discharge"	"X72"	11	4521045	Unreliable	0.0%
	"2007"	"2007"	"17 years"	"17"	"Intentional self-harm by rifle, shotgun and larger firearm discharge"	"X73"	35	4521045	0.8	0.1%
	"2007"	"2007"	"17 years"	"17"	"Intentional self-harm by other and unspecified firearm discharge"	"X74"	79	4521045	1.7	0.3%
	"2007"	"2007"	"17 years"	"17"	"Assault by handgun discharge"	"X93"	37	4521045	0.8	0.1%
	"2007"	"2007"	"17 years"	"17"	"Assault by rifle, shotgun and larger firearm discharge"	"X94"	21	4521045	0.5	0.1%
	"2007"	"2007"	"17 years"	"17"	"Assault by other and unspecified firearm discharge"	"X95"	328	4521045	7.3	1.1%
	"2008"	"2008"	"1 year"	"1"	"Assault by other and unspecified firearm discharge"	"X95"	16	4100756	Unreliable	0.1%
	"2008"	"2008"	"2 years"	"2"	"Assault by other and unspecified firearm discharge"	"X95"	11	4004146	Unreliable	0.0%
	"2008"	"2008"	"3 years"	"3"	"Assault by other and unspecified firearm discharge"	"X95"	12	3992320	Unreliable	0.0%
	"2008"	"2008"	"7 years"	"7"	"Assault by other and unspecified firearm discharge"	"X95"	10	4073291	Unreliable	0.0%
	"2008"	"2008"	"11 years"	"11"	"Assault by other and unspecified firearm discharge"	"X95"	15	4055388	Unreliable	0.0%
	"2008"	"2008"	"12 years"	"12"	"Assault by other and unspecified firearm discharge"	"X95"	16	4159477	Unreliable	0.1%
	"2008"	"2008"	"13 years"	"13"	"Assault by other and unspecified firearm discharge"	"X95"	22	4200016	0.5	0.1%
	"2008"	"2008"	"14 years"	"14"	"Intentional self-harm by other and unspecified firearm discharge"	"X74"	15	4198094	Unreliable	0.0%
	"2008"	"2008"	"14 years"	"14"	"Assault by other and unspecified firearm discharge"	"X95"	58	4198094	1.4	0.2%
	"2008"	"2008"	"15 years"	"15"	"Intentional self-harm by rifle, shotgun and larger firearm discharge"	"X73"	18	4318982	Unreliable	0.1%
	"2008"	"2008"	"15 years"	"15"	"Intentional self-harm by other and unspecified firearm discharge"	"X74"	39	4318982	0.9	0.1%
	"2008"	"2008"	"15 years"	"15"	"Assault by handgun discharge"	"X93"	14	4318982	Unreliable	0.0%
	"2008"	"2008"	"15 years"	"15"	"Assault by rifle, shotgun and larger firearm discharge"	"X94"	10	4318982	Unreliable	0.0%
	"2008"	"2008"	"15 years"	"15"	"Assault by other and unspecified firearm discharge"	"X95"	139	4318982	3.2	0.5%
	"2008"	"2008"	"16 years"	"16"	"Intentional self-harm by handgun discharge"	"X72"	24	4411176	0.5	0.1%
	"2008"	"2008"	"16 years"	"16"	"Intentional self-harm by rifle, shotgun and larger firearm discharge"	"X73"	29	4411176	0.7	0.1%
	"2008"	"2008"	"16 years"	"16"	"Intentional self-harm by other and unspecified firearm discharge"	"X74"	56	4411176	1.3	0.2%
	"2008"	"2008"	"16 years"	"16"	"Assault by handgun discharge"	"X93"	23	4411176	0.5	0.1%
	"2008"	"2008"	"16 years"	"16"	"Assault by other and unspecified firearm discharge"	"X95"	191	4411176	4.3	0.6%
	"2008"	"2008"	"17 years"	"17"	"Intentional self-harm by handgun discharge"	"X72"	25	4467060	0.6	0.1%
	"2008"	"2008"	"17 years"	"17"	"Intentional self-harm by rifle, shotgun and larger firearm discharge"	"X73"	33	4467060	0.7	0.1%
	"2008"	"2008"	"17 years"	"17"	"Intentional self-harm by other and unspecified firearm discharge"	"X74"	78	4467060	1.7	0.3%
	"2008"	"2008"	"17 years"	"17"	"Assault by handgun discharge"	"X93"	24	4467060	0.5	0.1%
	"2008"	"2008"	"17 years"	"17"	"Assault by rifle, shotgun and larger firearm discharge"	"X94"	13	4467060	Unreliable	0.0%
	"2008"	"2008"	"17 years"	"17"	"Assault by other and unspecified firearm discharge"	"X95"	309	4467060	6.9	1.0%
	"2009"	"2009"	"1 year"	"1"	"Assault by other and unspecified firearm discharge"	"X95"	10	4078797	Unreliable	0.0%
	"2009"	"2009"	"2 years"	"2"	"Assault by other and unspecified firearm discharge"	"X95"	13	4103002	Unreliable	0.0%
	"2009"	"2009"	"9 years"	"9"	"Assault by other and unspecified firearm discharge"	"X95"	10	3987064	Unreliable	0.0%
	"2009"	"2009"	"11 years"	"11"	"Assault by other and unspecified firearm discharge"	"X95"	11	4066605	Unreliable	0.0%
	"2009"	"2009"	"12 years"	"12"	"Assault by other and unspecified firearm discharge"	"X95"	12	4110576	Unreliable	0.0%
	"2009"	"2009"	"13 years"	"13"	"Assault by other and unspecified firearm discharge"	"X95"	22	4164413	0.5	0.1%
	"2009"	"2009"	"14 years"	"14"	"Intentional self-harm by handgun discharge"	"X72"	12	4185880	Unreliable	0.0%
	"2009"	"2009"	"14 years"	"14"	"Intentional self-harm by other and unspecified firearm discharge"	"X74"	19	4185880	Unreliable	0.1%
	"2009"	"2009"	"14 years"	"14"	"Assault by other and unspecified firearm discharge"	"X95"	41	4185880	1.0	0.1%
	"2009"	"2009"	"15 years"	"15"	"Intentional self-harm by handgun discharge"	"X72"	12	4259907	Unreliable	0.0%
	"2009"	"2009"	"15 years"	"15"	"Intentional self-harm by rifle, shotgun and larger firearm discharge"	"X73"	21	4259907	0.5	0.1%
	"2009"	"2009"	"15 years"	"15"	"Intentional self-harm by other and unspecified firearm discharge"	"X74"	37	4259907	0.9	0.1%
	"2009"	"2009"	"15 years"	"15"	"Assault by rifle, shotgun and larger firearm discharge"	"X94"	11	4259907	Unreliable	0.0%
	"2009"	"2009"	"15 years"	"15"	"Assault by other and unspecified firearm discharge"	"X95"	89	4259907	2.1	0.3%
	"2009"	"2009"	"16 years"	"16"	"Intentional self-harm by handgun discharge"	"X72"	18	4365338	Unreliable	0.1%
	"2009"	"2009"	"16 years"	"16"	"Intentional self-harm by rifle, shotgun and larger firearm discharge"	"X73"	30	4365338	0.7	0.1%
	"2009"	"2009"	"16 years"	"16"	"Intentional self-harm by other and unspecified firearm discharge"	"X74"	76	4365338	1.7	0.2%
	"2009"	"2009"	"16 years"	"16"	"Assault by handgun discharge"	"X93"	17	4365338	Unreliable	0.1%
	"2009"	"2009"	"16 years"	"16"	"Assault by other and unspecified firearm discharge"	"X95"	184	4365338	4.2	0.6%
	"2009"	"2009"	"17 years"	"17"	"Intentional self-harm by handgun discharge"	"X72"	30	4421341	0.7	0.1%
	"2009"	"2009"	"17 years"	"17"	"Intentional self-harm by rifle, shotgun and larger firearm discharge"	"X73"	37	4421341	0.8	0.1%
	"2009"	"2009"	"17 years"	"17"	"Intentional self-harm by other and unspecified firearm discharge"	"X74"	76	4421341	1.7	0.2%
	"2009"	"2009"	"17 years"	"17"	"Assault by handgun discharge"	"X93"	27	4421341	0.6	0.1%
	"2009"	"2009"	"17 years"	"17"	"Assault by rifle, shotgun and larger firearm discharge"	"X94"	12	4421341	Unreliable	0.0%
	"2009"	"2009"	"17 years"	"17"	"Assault by other and unspecified firearm discharge"	"X95"	297	4421341	6.7	1.0%
	"2010"	"2010"	"2 years"	"2"	"Assault by other and unspecified firearm discharge"	"X95"	12	4096929	Unreliable	0.0%
	"2010"	"2010"	"5 years"	"5"	"Assault by other and unspecified firearm discharge"	"X95"	10	4056858	Unreliable	0.0%
	"2010"	"2010"	"6 years"	"6"	"Assault by other and unspecified firearm discharge"	"X95"	10	4066381	Unreliable	0.0%
	"2010"	"2010"	"7 years"	"7"	"Assault by other and unspecified firearm discharge"	"X95"	10	4030579	Unreliable	0.0%
	"2010"	"2010"	"9 years"	"9"	"Assault by other and unspecified firearm discharge"	"X95"	10	4148353	Unreliable	0.0%
	"2010"	"2010"	"12 years"	"12"	"Assault by other and unspecified firearm discharge"	"X95"	11	4106243	Unreliable	0.0%
	"2010"	"2010"	"13 years"	"13"	"Intentional self-harm by other and unspecified firearm discharge"	"X74"	17	4118013	Unreliable	0.1%
	"2010"	"2010"	"13 years"	"13"	"Assault by other and unspecified firearm discharge"	"X95"	21	4118013	0.5	0.1%
	"2010"	"2010"	"14 years"	"14"	"Intentional self-harm by rifle, shotgun and larger firearm discharge"	"X73"	12	4165982	Unreliable	0.0%
	"2010"	"2010"	"14 years"	"14"	"Intentional self-harm by other and unspecified firearm discharge"	"X74"	20	4165982	0.5	0.1%
	"2010"	"2010"	"14 years"	"14"	"Assault by other and unspecified firearm discharge"	"X95"	44	4165982	1.1	0.1%
	"2010"	"2010"	"15 years"	"15"	"Intentional self-harm by handgun discharge"	"X72"	18	4242820	Unreliable	0.1%
	"2010"	"2010"	"15 years"	"15"	"Intentional self-harm by rifle, shotgun and larger firearm discharge"	"X73"	17	4242820	Unreliable	0.1%
	"2010"	"2010"	"15 years"	"15"	"Intentional self-harm by other and unspecified firearm discharge"	"X74"	39	4242820	0.9	0.1%
	"2010"	"2010"	"15 years"	"15"	"Assault by handgun discharge"	"X93"	10	4242820	Unreliable	0.0%
	"2010"	"2010"	"15 years"	"15"	"Assault by rifle, shotgun and larger firearm discharge"	"X94"	10	4242820	Unreliable	0.0%
	"2010"	"2010"	"15 years"	"15"	"Assault by other and unspecified firearm discharge"	"X95"	85	4242820	2.0	0.3%
	"2010"	"2010"	"16 years"	"16"	"Intentional self-harm by handgun discharge"	"X72"	21	4316139	0.5	0.1%
	"2010"	"2010"	"16 years"	"16"	"Intentional self-harm by rifle, shotgun and larger firearm discharge"	"X73"	17	4316139	Unreliable	0.1%
	"2010"	"2010"	"16 years"	"16"	"Intentional self-harm by other and unspecified firearm discharge"	"X74"	65	4316139	1.5	0.2%
	"2010"	"2010"	"16 years"	"16"	"Assault by handgun discharge"	"X93"	16	4316139	Unreliable	0.1%
	"2010"	"2010"	"16 years"	"16"	"Assault by other and unspecified firearm discharge"	"X95"	176	4316139	4.1	0.6%
	"2010"	"2010"	"17 years"	"17"	"Intentional self-harm by handgun discharge"	"X72"	24	4395295	0.5	0.1%
	"2010"	"2010"	"17 years"	"17"	"Intentional self-harm by rifle, shotgun and larger firearm discharge"	"X73"	21	4395295	0.5	0.1%
	"2010"	"2010"	"17 years"	"17"	"Intentional self-harm by other and unspecified firearm discharge"	"X74"	72	4395295	1.6	0.2%
	"2010"	"2010"	"17 years"	"17"	"Assault by handgun discharge"	"X93"	26	4395295	0.6	0.1%
	"2010"	"2010"	"17 years"	"17"	"Assault by rifle, shotgun and larger firearm discharge"	"X94"	15	4395295	Unreliable	0.0%
	"2010"	"2010"	"17 years"	"17"	"Assault by other and unspecified firearm discharge"	"X95"	271	4395295	6.2	0.9%
	"2011"	"2011"	"1 year"	"1"	"Assault by other and unspecified firearm discharge"	"X95"	12	3969022	Unreliable	0.0%
	"2011"	"2011"	"2 years"	"2"	"Assault by other and unspecified firearm discharge"	"X95"	10	3971760	Unreliable	0.0%
	"2011"	"2011"	"3 years"	"3"	"Assault by other and unspecified firearm discharge"	"X95"	11	4102285	Unreliable	0.0%
	"2011"	"2011"	"6 years"	"6"	"Assault by other and unspecified firearm discharge"	"X95"	11	4074959	Unreliable	0.0%
	"2011"	"2011"	"8 years"	"8"	"Assault by other and unspecified firearm discharge"	"X95"	10	4052957	Unreliable	0.0%
	"2011"	"2011"	"10 years"	"10"	"Assault by other and unspecified firearm discharge"	"X95"	10	4134144	Unreliable	0.0%
	"2011"	"2011"	"13 years"	"13"	"Intentional self-harm by other and unspecified firearm discharge"	"X74"	18	4122078	Unreliable	0.1%
	"2011"	"2011"	"13 years"	"13"	"Assault by other and unspecified firearm discharge"	"X95"	20	4122078	0.5	0.1%
	"2011"	"2011"	"14 years"	"14"	"Intentional self-harm by rifle, shotgun and larger firearm discharge"	"X73"	11	4128920	Unreliable	0.0%
	"2011"	"2011"	"14 years"	"14"	"Intentional self-harm by other and unspecified firearm discharge"	"X74"	25	4128920	0.6	0.1%
	"2011"	"2011"	"14 years"	"14"	"Assault by other and unspecified firearm discharge"	"X95"	38	4128920	0.9	0.1%
	"2011"	"2011"	"15 years"	"15"	"Intentional self-harm by handgun discharge"	"X72"	25	4156836	0.6	0.1%
	"2011"	"2011"	"15 years"	"15"	"Intentional self-harm by rifle, shotgun and larger firearm discharge"	"X73"	13	4156836	Unreliable	0.0%
	"2011"	"2011"	"15 years"	"15"	"Intentional self-harm by other and unspecified firearm discharge"	"X74"	47	4156836	1.1	0.2%
	"2011"	"2011"	"15 years"	"15"	"Assault by other and unspecified firearm discharge"	"X95"	72	4156836	1.7	0.2%
	"2011"	"2011"	"16 years"	"16"	"Intentional self-harm by handgun discharge"	"X72"	29	4245479	0.7	0.1%
	"2011"	"2011"	"16 years"	"16"	"Intentional self-harm by rifle, shotgun and larger firearm discharge"	"X73"	30	4245479	0.7	0.1%
	"2011"	"2011"	"16 years"	"16"	"Intentional self-harm by other and unspecified firearm discharge"	"X74"	63	4245479	1.5	0.2%
	"2011"	"2011"	"16 years"	"16"	"Assault by handgun discharge"	"X93"	19	4245479	Unreliable	0.1%
	"2011"	"2011"	"16 years"	"16"	"Assault by other and unspecified firearm discharge"	"X95"	140	4245479	3.3	0.5%
	"2011"	"2011"	"17 years"	"17"	"Intentional self-harm by handgun discharge"	"X72"	27	4330851	0.6	0.1%
	"2011"	"2011"	"17 years"	"17"	"Intentional self-harm by rifle, shotgun and larger firearm discharge"	"X73"	38	4330851	0.9	0.1%
	"2011"	"2011"	"17 years"	"17"	"Intentional self-harm by other and unspecified firearm discharge"	"X74"	84	4330851	1.9	0.3%
	"2011"	"2011"	"17 years"	"17"	"Assault by handgun discharge"	"X93"	20	4330851	0.5	0.1%
	"2011"	"2011"	"17 years"	"17"	"Assault by other and unspecified firearm discharge"	"X95"	239	4330851	5.5	0.8%
	"2012"	"2012"	"3 years"	"3"	"Assault by other and unspecified firearm discharge"	"X95"	14	3982440	Unreliable	0.0%
	"2012"	"2012"	"6 years"	"6"	"Assault by other and unspecified firearm discharge"	"X95"	26	4098714	0.6	0.1%
	"2012"	"2012"	"7 years"	"7"	"Assault by other and unspecified firearm discharge"	"X95"	16	4085964	Unreliable	0.1%
	"2012"	"2012"	"11 years"	"11"	"Assault by other and unspecified firearm discharge"	"X95"	10	4145034	Unreliable	0.0%
	"2012"	"2012"	"12 years"	"12"	"Assault by other and unspecified firearm discharge"	"X95"	16	4206939	Unreliable	0.1%
	"2012"	"2012"	"13 years"	"13"	"Intentional self-harm by other and unspecified firearm discharge"	"X74"	18	4136252	Unreliable	0.1%
	"2012"	"2012"	"13 years"	"13"	"Assault by other and unspecified firearm discharge"	"X95"	28	4136252	0.7	0.1%
	"2012"	"2012"	"14 years"	"14"	"Intentional self-harm by rifle, shotgun and larger firearm discharge"	"X73"	10	4135274	Unreliable	0.0%
	"2012"	"2012"	"14 years"	"14"	"Intentional self-harm by other and unspecified firearm discharge"	"X74"	41	4135274	1.0	0.1%
	"2012"	"2012"	"14 years"	"14"	"Assault by other and unspecified firearm discharge"	"X95"	37	4135274	0.9	0.1%
	"2012"	"2012"	"15 years"	"15"	"Intentional self-harm by handgun discharge"	"X72"	25	4144014	0.6	0.1%
	"2012"	"2012"	"15 years"	"15"	"Intentional self-harm by rifle, shotgun and larger firearm discharge"	"X73"	17	4144014	Unreliable	0.1%
	"2012"	"2012"	"15 years"	"15"	"Intentional self-harm by other and unspecified firearm discharge"	"X74"	45	4144014	1.1	0.1%
	"2012"	"2012"	"15 years"	"15"	"Assault by other and unspecified firearm discharge"	"X95"	82	4144014	2.0	0.3%
	"2012"	"2012"	"16 years"	"16"	"Intentional self-harm by handgun discharge"	"X72"	18	4174274	Unreliable	0.1%
	"2012"	"2012"	"16 years"	"16"	"Intentional self-harm by rifle, shotgun and larger firearm discharge"	"X73"	19	4174274	Unreliable	0.1%
	"2012"	"2012"	"16 years"	"16"	"Intentional self-harm by other and unspecified firearm discharge"	"X74"	76	4174274	1.8	0.2%
	"2012"	"2012"	"16 years"	"16"	"Assault by handgun discharge"	"X93"	17	4174274	Unreliable	0.1%
	"2012"	"2012"	"16 years"	"16"	"Assault by other and unspecified firearm discharge"	"X95"	148	4174274	3.5	0.5%
	"2012"	"2012"	"17 years"	"17"	"Intentional self-harm by handgun discharge"	"X72"	39	4265702	0.9	0.1%
	"2012"	"2012"	"17 years"	"17"	"Intentional self-harm by rifle, shotgun and larger firearm discharge"	"X73"	41	4265702	1.0	0.1%
	"2012"	"2012"	"17 years"	"17"	"Intentional self-harm by other and unspecified firearm discharge"	"X74"	72	4265702	1.7	0.2%
	"2012"	"2012"	"17 years"	"17"	"Assault by handgun discharge"	"X93"	16	4265702	Unreliable	0.1%
	"2012"	"2012"	"17 years"	"17"	"Assault by other and unspecified firearm discharge"	"X95"	208	4265702	4.9	0.7%
	"2013"	"2013"	"< 1 year"	"0"	"Assault by other and unspecified firearm discharge"	"X95"	10	3941783	Unreliable	0.0%
	"2013"	"2013"	"1 year"	"1"	"Assault by other and unspecified firearm discharge"	"X95"	13	3955942	Unreliable	0.0%
	"2013"	"2013"	"9 years"	"9"	"Assault by other and unspecified firearm discharge"	"X95"	12	4103335	Unreliable	0.0%
	"2013"	"2013"	"10 years"	"10"	"Assault by other and unspecified firearm discharge"	"X95"	10	4073258	Unreliable	0.0%
	"2013"	"2013"	"12 years"	"12"	"Assault by other and unspecified firearm discharge"	"X95"	10	4155875	Unreliable	0.0%
	"2013"	"2013"	"13 years"	"13"	"Intentional self-harm by other and unspecified firearm discharge"	"X74"	28	4217964	0.7	0.1%
	"2013"	"2013"	"13 years"	"13"	"Assault by other and unspecified firearm discharge"	"X95"	18	4217964	Unreliable	0.1%
	"2013"	"2013"	"14 years"	"14"	"Intentional self-harm by handgun discharge"	"X72"	20	4147439	0.5	0.1%
	"2013"	"2013"	"14 years"	"14"	"Intentional self-harm by rifle, shotgun and larger firearm discharge"	"X73"	17	4147439	Unreliable	0.1%
	"2013"	"2013"	"14 years"	"14"	"Intentional self-harm by other and unspecified firearm discharge"	"X74"	40	4147439	1.0	0.1%
	"2013"	"2013"	"14 years"	"14"	"Assault by other and unspecified firearm discharge"	"X95"	30	4147439	0.7	0.1%
	"2013"	"2013"	"15 years"	"15"	"Intentional self-harm by handgun discharge"	"X72"	28	4147445	0.7	0.1%
	"2013"	"2013"	"15 years"	"15"	"Intentional self-harm by rifle, shotgun and larger firearm discharge"	"X73"	18	4147445	Unreliable	0.1%
	"2013"	"2013"	"15 years"	"15"	"Intentional self-harm by other and unspecified firearm discharge"	"X74"	45	4147445	1.1	0.1%
	"2013"	"2013"	"15 years"	"15"	"Assault by other and unspecified firearm discharge"	"X95"	62	4147445	1.5	0.2%
	"2013"	"2013"	"16 years"	"16"	"Intentional self-harm by handgun discharge"	"X72"	27	4158116	0.6	0.1%
	"2013"	"2013"	"16 years"	"16"	"Intentional self-harm by rifle, shotgun and larger firearm discharge"	"X73"	27	4158116	0.6	0.1%
	"2013"	"2013"	"16 years"	"16"	"Intentional self-harm by other and unspecified firearm discharge"	"X74"	67	4158116	1.6	0.2%
	"2013"	"2013"	"16 years"	"16"	"Assault by handgun discharge"	"X93"	12	4158116	Unreliable	0.0%
	"2013"	"2013"	"16 years"	"16"	"Assault by other and unspecified firearm discharge"	"X95"	118	4158116	2.8	0.4%
	"2013"	"2013"	"17 years"	"17"	"Intentional self-harm by handgun discharge"	"X72"	29	4191188	0.7	0.1%
	"2013"	"2013"	"17 years"	"17"	"Intentional self-harm by rifle, shotgun and larger firearm discharge"	"X73"	25	4191188	0.6	0.1%
	"2013"	"2013"	"17 years"	"17"	"Intentional self-harm by other and unspecified firearm discharge"	"X74"	87	4191188	2.1	0.3%
	"2013"	"2013"	"17 years"	"17"	"Assault by handgun discharge"	"X93"	14	4191188	Unreliable	0.0%
	"2013"	"2013"	"17 years"	"17"	"Assault by rifle, shotgun and larger firearm discharge"	"X94"	11	4191188	Unreliable	0.0%
	"2013"	"2013"	"17 years"	"17"	"Assault by other and unspecified firearm discharge"	"X95"	213	4191188	5.1	0.7%
	"2014"	"2014"	"2 years"	"2"	"Assault by other and unspecified firearm discharge"	"X95"	12	3957772	Unreliable	0.0%
	"2014"	"2014"	"3 years"	"3"	"Assault by other and unspecified firearm discharge"	"X95"	11	4005190	Unreliable	0.0%
	"2014"	"2014"	"4 years"	"4"	"Assault by other and unspecified firearm discharge"	"X95"	14	4003448	Unreliable	0.0%
	"2014"	"2014"	"5 years"	"5"	"Assault by other and unspecified firearm discharge"	"X95"	10	4004858	Unreliable	0.0%
	"2014"	"2014"	"7 years"	"7"	"Assault by other and unspecified firearm discharge"	"X95"	10	4154000	Unreliable	0.0%
	"2014"	"2014"	"9 years"	"9"	"Assault by other and unspecified firearm discharge"	"X95"	13	4106832	Unreliable	0.0%
	"2014"	"2014"	"11 years"	"11"	"Assault by other and unspecified firearm discharge"	"X95"	14	4085636	Unreliable	0.0%
	"2014"	"2014"	"12 years"	"12"	"Intentional self-harm by other and unspecified firearm discharge"	"X74"	17	4068790	Unreliable	0.1%
	"2014"	"2014"	"12 years"	"12"	"Assault by other and unspecified firearm discharge"	"X95"	11	4068790	Unreliable	0.0%
	"2014"	"2014"	"13 years"	"13"	"Intentional self-harm by handgun discharge"	"X72"	17	4169346	Unreliable	0.1%
	"2014"	"2014"	"13 years"	"13"	"Intentional self-harm by other and unspecified firearm discharge"	"X74"	32	4169346	0.8	0.1%
	"2014"	"2014"	"13 years"	"13"	"Assault by other and unspecified firearm discharge"	"X95"	25	4169346	0.6	0.1%
	"2014"	"2014"	"14 years"	"14"	"Intentional self-harm by handgun discharge"	"X72"	20	4232480	0.5	0.1%
	"2014"	"2014"	"14 years"	"14"	"Intentional self-harm by rifle, shotgun and larger firearm discharge"	"X73"	15	4232480	Unreliable	0.0%
	"2014"	"2014"	"14 years"	"14"	"Intentional self-harm by other and unspecified firearm discharge"	"X74"	45	4232480	1.1	0.1%
	"2014"	"2014"	"14 years"	"14"	"Assault by other and unspecified firearm discharge"	"X95"	38	4232480	0.9	0.1%
	"2014"	"2014"	"15 years"	"15"	"Intentional self-harm by handgun discharge"	"X72"	20	4163723	0.5	0.1%
	"2014"	"2014"	"15 years"	"15"	"Intentional self-harm by rifle, shotgun and larger firearm discharge"	"X73"	25	4163723	0.6	0.1%
	"2014"	"2014"	"15 years"	"15"	"Intentional self-harm by other and unspecified firearm discharge"	"X74"	53	4163723	1.3	0.2%
	"2014"	"2014"	"15 years"	"15"	"Assault by other and unspecified firearm discharge"	"X95"	74	4163723	1.8	0.2%
	"2014"	"2014"	"16 years"	"16"	"Intentional self-harm by handgun discharge"	"X72"	37	4167234	0.9	0.1%
	"2014"	"2014"	"16 years"	"16"	"Intentional self-harm by rifle, shotgun and larger firearm discharge"	"X73"	24	4167234	0.6	0.1%
	"2014"	"2014"	"16 years"	"16"	"Intentional self-harm by other and unspecified firearm discharge"	"X74"	60	4167234	1.4	0.2%
	"2014"	"2014"	"16 years"	"16"	"Assault by other and unspecified firearm discharge"	"X95"	147	4167234	3.5	0.5%
	"2014"	"2014"	"17 years"	"17"	"Intentional self-harm by handgun discharge"	"X72"	28	4184706	0.7	0.1%
	"2014"	"2014"	"17 years"	"17"	"Intentional self-harm by rifle, shotgun and larger firearm discharge"	"X73"	33	4184706	0.8	0.1%
	"2014"	"2014"	"17 years"	"17"	"Intentional self-harm by other and unspecified firearm discharge"	"X74"	78	4184706	1.9	0.3%
	"2014"	"2014"	"17 years"	"17"	"Assault by handgun discharge"	"X93"	17	4184706	Unreliable	0.1%
	"2014"	"2014"	"17 years"	"17"	"Assault by other and unspecified firearm discharge"	"X95"	207	4184706	4.9	0.7%
	"2015"	"2015"	"1 year"	"1"	"Assault by other and unspecified firearm discharge"	"X95"	15	3968564	Unreliable	0.0%
	"2015"	"2015"	"3 years"	"3"	"Assault by other and unspecified firearm discharge"	"X95"	14	3974061	Unreliable	0.0%
	"2015"	"2015"	"4 years"	"4"	"Assault by other and unspecified firearm discharge"	"X95"	10	4020035	Unreliable	0.0%
	"2015"	"2015"	"5 years"	"5"	"Assault by other and unspecified firearm discharge"	"X95"	13	4018158	Unreliable	0.0%
	"2015"	"2015"	"6 years"	"6"	"Assault by other and unspecified firearm discharge"	"X95"	14	4019207	Unreliable	0.0%
	"2015"	"2015"	"7 years"	"7"	"Assault by other and unspecified firearm discharge"	"X95"	14	4148360	Unreliable	0.0%
	"2015"	"2015"	"8 years"	"8"	"Assault by other and unspecified firearm discharge"	"X95"	11	4167887	Unreliable	0.0%
	"2015"	"2015"	"11 years"	"11"	"Assault by other and unspecified firearm discharge"	"X95"	10	4130328	Unreliable	0.0%
	"2015"	"2015"	"12 years"	"12"	"Assault by other and unspecified firearm discharge"	"X95"	12	4101021	Unreliable	0.0%
	"2015"	"2015"	"13 years"	"13"	"Intentional self-harm by handgun discharge"	"X72"	11	4084306	Unreliable	0.0%
	"2015"	"2015"	"13 years"	"13"	"Intentional self-harm by other and unspecified firearm discharge"	"X74"	26	4084306	0.6	0.1%
	"2015"	"2015"	"13 years"	"13"	"Assault by other and unspecified firearm discharge"	"X95"	25	4084306	0.6	0.1%
	"2015"	"2015"	"14 years"	"14"	"Intentional self-harm by handgun discharge"	"X72"	15	4185386	Unreliable	0.0%
	"2015"	"2015"	"14 years"	"14"	"Intentional self-harm by rifle, shotgun and larger firearm discharge"	"X73"	13	4185386	Unreliable	0.0%
	"2015"	"2015"	"14 years"	"14"	"Intentional self-harm by other and unspecified firearm discharge"	"X74"	53	4185386	1.3	0.2%
	"2015"	"2015"	"14 years"	"14"	"Assault by other and unspecified firearm discharge"	"X95"	47	4185386	1.1	0.2%
	"2015"	"2015"	"15 years"	"15"	"Intentional self-harm by handgun discharge"	"X72"	18	4249742	Unreliable	0.1%
	"2015"	"2015"	"15 years"	"15"	"Intentional self-harm by rifle, shotgun and larger firearm discharge"	"X73"	17	4249742	Unreliable	0.1%
	"2015"	"2015"	"15 years"	"15"	"Intentional self-harm by other and unspecified firearm discharge"	"X74"	66	4249742	1.6	0.2%
	"2015"	"2015"	"15 years"	"15"	"Assault by other and unspecified firearm discharge"	"X95"	85	4249742	2.0	0.3%
	"2015"	"2015"	"16 years"	"16"	"Intentional self-harm by handgun discharge"	"X72"	41	4184296	1.0	0.1%
	"2015"	"2015"	"16 years"	"16"	"Intentional self-harm by rifle, shotgun and larger firearm discharge"	"X73"	25	4184296	0.6	0.1%
	"2015"	"2015"	"16 years"	"16"	"Intentional self-harm by other and unspecified firearm discharge"	"X74"	80	4184296	1.9	0.3%
	"2015"	"2015"	"16 years"	"16"	"Assault by handgun discharge"	"X93"	14	4184296	Unreliable	0.0%
	"2015"	"2015"	"16 years"	"16"	"Assault by other and unspecified firearm discharge"	"X95"	162	4184296	3.9	0.5%
	"2015"	"2015"	"17 years"	"17"	"Intentional self-harm by handgun discharge"	"X72"	50	4194286	1.2	0.2%
	"2015"	"2015"	"17 years"	"17"	"Intentional self-harm by rifle, shotgun and larger firearm discharge"	"X73"	22	4194286	0.5	0.1%
	"2015"	"2015"	"17 years"	"17"	"Intentional self-harm by other and unspecified firearm discharge"	"X74"	107	4194286	2.6	0.4%
	"2015"	"2015"	"17 years"	"17"	"Assault by handgun discharge"	"X93"	22	4194286	0.5	0.1%
	"2015"	"2015"	"17 years"	"17"	"Assault by other and unspecified firearm discharge"	"X95"	237	4194286	5.7	0.8%
	"2016"	"2016"	"< 1 year"	"0"	"Assault by other and unspecified firearm discharge"	"X95"	11	3970145	Unreliable	0.0%
	"2016"	"2016"	"1 year"	"1"	"Assault by other and unspecified firearm discharge"	"X95"	11	3995008	Unreliable	0.0%
	"2016"	"2016"	"2 years"	"2"	"Assault by other and unspecified firearm discharge"	"X95"	11	3992154	Unreliable	0.0%
	"2016"	"2016"	"3 years"	"3"	"Assault by other and unspecified firearm discharge"	"X95"	17	3982074	Unreliable	0.1%
	"2016"	"2016"	"4 years"	"4"	"Assault by other and unspecified firearm discharge"	"X95"	14	3987656	Unreliable	0.0%
	"2016"	"2016"	"5 years"	"5"	"Assault by other and unspecified firearm discharge"	"X95"	13	4032515	Unreliable	0.0%
	"2016"	"2016"	"7 years"	"7"	"Assault by other and unspecified firearm discharge"	"X95"	11	4029991	Unreliable	0.0%
	"2016"	"2016"	"8 years"	"8"	"Assault by other and unspecified firearm discharge"	"X95"	13	4159114	Unreliable	0.0%
	"2016"	"2016"	"10 years"	"10"	"Assault by other and unspecified firearm discharge"	"X95"	12	4144019	Unreliable	0.0%
	"2016"	"2016"	"12 years"	"12"	"Intentional self-harm by other and unspecified firearm discharge"	"X74"	13	4139558	Unreliable	0.0%
	"2016"	"2016"	"13 years"	"13"	"Intentional self-harm by other and unspecified firearm discharge"	"X74"	31	4109703	0.8	0.1%
	"2016"	"2016"	"13 years"	"13"	"Assault by other and unspecified firearm discharge"	"X95"	19	4109703	Unreliable	0.1%
	"2016"	"2016"	"14 years"	"14"	"Intentional self-harm by handgun discharge"	"X72"	19	4093731	Unreliable	0.1%
	"2016"	"2016"	"14 years"	"14"	"Intentional self-harm by rifle, shotgun and larger firearm discharge"	"X73"	13	4093731	Unreliable	0.0%
	"2016"	"2016"	"14 years"	"14"	"Intentional self-harm by other and unspecified firearm discharge"	"X74"	49	4093731	1.2	0.2%
	"2016"	"2016"	"14 years"	"14"	"Assault by other and unspecified firearm discharge"	"X95"	33	4093731	0.8	0.1%
	"2016"	"2016"	"15 years"	"15"	"Intentional self-harm by handgun discharge"	"X72"	36	4196991	0.9	0.1%
	"2016"	"2016"	"15 years"	"15"	"Intentional self-harm by rifle, shotgun and larger firearm discharge"	"X73"	27	4196991	0.6	0.1%
	"2016"	"2016"	"15 years"	"15"	"Intentional self-harm by other and unspecified firearm discharge"	"X74"	69	4196991	1.6	0.2%
	"2016"	"2016"	"15 years"	"15"	"Assault by handgun discharge"	"X93"	12	4196991	Unreliable	0.0%
	"2016"	"2016"	"15 years"	"15"	"Assault by other and unspecified firearm discharge"	"X95"	105	4196991	2.5	0.3%
	"2016"	"2016"	"16 years"	"16"	"Intentional self-harm by handgun discharge"	"X72"	34	4265224	0.8	0.1%
	"2016"	"2016"	"16 years"	"16"	"Intentional self-harm by rifle, shotgun and larger firearm discharge"	"X73"	26	4265224	0.6	0.1%
	"2016"	"2016"	"16 years"	"16"	"Intentional self-harm by other and unspecified firearm discharge"	"X74"	82	4265224	1.9	0.3%
	"2016"	"2016"	"16 years"	"16"	"Assault by handgun discharge"	"X93"	14	4265224	Unreliable	0.0%
	"2016"	"2016"	"16 years"	"16"	"Assault by other and unspecified firearm discharge"	"X95"	173	4265224	4.1	0.6%
	"2016"	"2016"	"17 years"	"17"	"Intentional self-harm by handgun discharge"	"X72"	48	4205001	1.1	0.2%
	"2016"	"2016"	"17 years"	"17"	"Intentional self-harm by rifle, shotgun and larger firearm discharge"	"X73"	37	4205001	0.9	0.1%
	"2016"	"2016"	"17 years"	"17"	"Intentional self-harm by other and unspecified firearm discharge"	"X74"	114	4205001	2.7	0.4%
	"2016"	"2016"	"17 years"	"17"	"Assault by handgun discharge"	"X93"	20	4205001	0.5	0.1%
	"2016"	"2016"	"17 years"	"17"	"Assault by other and unspecified firearm discharge"	"X95"	286	4205001	6.8	0.9%
	"2017"	"2017"	"< 1 year"	"0"	"Assault by other and unspecified firearm discharge"	"X95"	11	3939295	Unreliable	0.0%
	"2017"	"2017"	"4 years"	"4"	"Assault by other and unspecified firearm discharge"	"X95"	13	3995783	Unreliable	0.0%
	"2017"	"2017"	"5 years"	"5"	"Assault by other and unspecified firearm discharge"	"X95"	14	4001318	Unreliable	0.0%
	"2017"	"2017"	"6 years"	"6"	"Assault by other and unspecified firearm discharge"	"X95"	11	4045532	Unreliable	0.0%
	"2017"	"2017"	"8 years"	"8"	"Assault by other and unspecified firearm discharge"	"X95"	13	4042838	Unreliable	0.0%
	"2017"	"2017"	"9 years"	"9"	"Assault by other and unspecified firearm discharge"	"X95"	11	4172171	Unreliable	0.0%
	"2017"	"2017"	"10 years"	"10"	"Assault by other and unspecified firearm discharge"	"X95"	17	4191919	Unreliable	0.1%
	"2017"	"2017"	"11 years"	"11"	"Intentional self-harm by other and unspecified firearm discharge"	"X74"	12	4157962	Unreliable	0.0%
	"2017"	"2017"	"12 years"	"12"	"Intentional self-harm by other and unspecified firearm discharge"	"X74"	13	4145953	Unreliable	0.0%
	"2017"	"2017"	"13 years"	"13"	"Intentional self-harm by handgun discharge"	"X72"	16	4155315	Unreliable	0.1%
	"2017"	"2017"	"13 years"	"13"	"Intentional self-harm by other and unspecified firearm discharge"	"X74"	29	4155315	0.7	0.1%
	"2017"	"2017"	"13 years"	"13"	"Assault by other and unspecified firearm discharge"	"X95"	20	4155315	0.5	0.1%
	"2017"	"2017"	"14 years"	"14"	"Intentional self-harm by handgun discharge"	"X72"	21	4127305	0.5	0.1%
	"2017"	"2017"	"14 years"	"14"	"Intentional self-harm by rifle, shotgun and larger firearm discharge"	"X73"	16	4127305	Unreliable	0.1%
	"2017"	"2017"	"14 years"	"14"	"Intentional self-harm by other and unspecified firearm discharge"	"X74"	67	4127305	1.6	0.2%
	"2017"	"2017"	"14 years"	"14"	"Assault by other and unspecified firearm discharge"	"X95"	57	4127305	1.4	0.2%
	"2017"	"2017"	"15 years"	"15"	"Intentional self-harm by handgun discharge"	"X72"	27	4114560	0.7	0.1%
	"2017"	"2017"	"15 years"	"15"	"Intentional self-harm by rifle, shotgun and larger firearm discharge"	"X73"	32	4114560	0.8	0.1%
	"2017"	"2017"	"15 years"	"15"	"Intentional self-harm by other and unspecified firearm discharge"	"X74"	87	4114560	2.1	0.3%
	"2017"	"2017"	"15 years"	"15"	"Assault by other and unspecified firearm discharge"	"X95"	118	4114560	2.9	0.4%
	"2017"	"2017"	"16 years"	"16"	"Intentional self-harm by handgun discharge"	"X72"	40	4222691	0.9	0.1%
	"2017"	"2017"	"16 years"	"16"	"Intentional self-harm by rifle, shotgun and larger firearm discharge"	"X73"	27	4222691	0.6	0.1%
	"2017"	"2017"	"16 years"	"16"	"Intentional self-harm by other and unspecified firearm discharge"	"X74"	120	4222691	2.8	0.4%
	"2017"	"2017"	"16 years"	"16"	"Assault by handgun discharge"	"X93"	12	4222691	Unreliable	0.0%
	"2017"	"2017"	"16 years"	"16"	"Assault by other and unspecified firearm discharge"	"X95"	187	4222691	4.4	0.6%
	"2017"	"2017"	"17 years"	"17"	"Intentional self-harm by handgun discharge"	"X72"	48	4296575	1.1	0.2%
	"2017"	"2017"	"17 years"	"17"	"Intentional self-harm by rifle, shotgun and larger firearm discharge"	"X73"	32	4296575	0.7	0.1%
	"2017"	"2017"	"17 years"	"17"	"Intentional self-harm by other and unspecified firearm discharge"	"X74"	130	4296575	3.0	0.4%
	"2017"	"2017"	"17 years"	"17"	"Assault by handgun discharge"	"X93"	25	4296575	0.6	0.1%
	"2017"	"2017"	"17 years"	"17"	"Assault by other and unspecified firearm discharge"	"X95"	289	4296575	6.7	0.9%
	"2018"	"2018"	"1 year"	"1"	"Assault by other and unspecified firearm discharge"	"X95"	10	3912900	Unreliable	0.0%
	"2018"	"2018"	"2 years"	"2"	"Assault by other and unspecified firearm discharge"	"X95"	14	3991437	Unreliable	0.0%
	"2018"	"2018"	"3 years"	"3"	"Assault by other and unspecified firearm discharge"	"X95"	13	4036562	Unreliable	0.0%
	"2018"	"2018"	"5 years"	"5"	"Assault by other and unspecified firearm discharge"	"X95"	10	4010118	Unreliable	0.0%
	"2018"	"2018"	"8 years"	"8"	"Assault by other and unspecified firearm discharge"	"X95"	11	4055624	Unreliable	0.0%
	"2018"	"2018"	"9 years"	"9"	"Assault by other and unspecified firearm discharge"	"X95"	10	4055278	Unreliable	0.0%
	"2018"	"2018"	"10 years"	"10"	"Assault by other and unspecified firearm discharge"	"X95"	13	4184077	Unreliable	0.0%
	"2018"	"2018"	"11 years"	"11"	"Assault by other and unspecified firearm discharge"	"X95"	13	4203007	Unreliable	0.0%
	"2018"	"2018"	"12 years"	"12"	"Intentional self-harm by other and unspecified firearm discharge"	"X74"	21	4168485	0.5	0.1%
	"2018"	"2018"	"12 years"	"12"	"Assault by other and unspecified firearm discharge"	"X95"	14	4168485	Unreliable	0.0%
	"2018"	"2018"	"13 years"	"13"	"Intentional self-harm by handgun discharge"	"X72"	12	4156887	Unreliable	0.0%
	"2018"	"2018"	"13 years"	"13"	"Intentional self-harm by other and unspecified firearm discharge"	"X74"	45	4156887	1.1	0.1%
	"2018"	"2018"	"13 years"	"13"	"Assault by other and unspecified firearm discharge"	"X95"	15	4156887	Unreliable	0.0%
	"2018"	"2018"	"14 years"	"14"	"Intentional self-harm by handgun discharge"	"X72"	35	4167071	0.8	0.1%
	"2018"	"2018"	"14 years"	"14"	"Intentional self-harm by rifle, shotgun and larger firearm discharge"	"X73"	12	4167071	Unreliable	0.0%
	"2018"	"2018"	"14 years"	"14"	"Intentional self-harm by other and unspecified firearm discharge"	"X74"	49	4167071	1.2	0.2%
	"2018"	"2018"	"14 years"	"14"	"Assault by other and unspecified firearm discharge"	"X95"	54	4167071	1.3	0.2%
	"2018"	"2018"	"15 years"	"15"	"Intentional self-harm by handgun discharge"	"X72"	35	4141218	0.8	0.1%
	"2018"	"2018"	"15 years"	"15"	"Intentional self-harm by rifle, shotgun and larger firearm discharge"	"X73"	24	4141218	0.6	0.1%
	"2018"	"2018"	"15 years"	"15"	"Intentional self-harm by other and unspecified firearm discharge"	"X74"	79	4141218	1.9	0.3%
	"2018"	"2018"	"15 years"	"15"	"Assault by other and unspecified firearm discharge"	"X95"	105	4141218	2.5	0.3%
	"2018"	"2018"	"16 years"	"16"	"Intentional self-harm by handgun discharge"	"X72"	46	4130744	1.1	0.2%
	"2018"	"2018"	"16 years"	"16"	"Intentional self-harm by rifle, shotgun and larger firearm discharge"	"X73"	25	4130744	0.6	0.1%
	"2018"	"2018"	"16 years"	"16"	"Intentional self-harm by other and unspecified firearm discharge"	"X74"	90	4130744	2.2	0.3%
	"2018"	"2018"	"16 years"	"16"	"Assault by handgun discharge"	"X93"	13	4130744	Unreliable	0.0%
	"2018"	"2018"	"16 years"	"16"	"Assault by other and unspecified firearm discharge"	"X95"	151	4130744	3.7	0.5%
	"2018"	"2018"	"17 years"	"17"	"Intentional self-harm by handgun discharge"	"X72"	57	4241936	1.3	0.2%
	"2018"	"2018"	"17 years"	"17"	"Intentional self-harm by rifle, shotgun and larger firearm discharge"	"X73"	39	4241936	0.9	0.1%
	"2018"	"2018"	"17 years"	"17"	"Intentional self-harm by other and unspecified firearm discharge"	"X74"	127	4241936	3.0	0.4%
	"2018"	"2018"	"17 years"	"17"	"Assault by handgun discharge"	"X93"	20	4241936	0.5	0.1%
	"2018"	"2018"	"17 years"	"17"	"Assault by other and unspecified firearm discharge"	"X95"	298	4241936	7.0	1.0%
	"2019"	"2019"	"2 years"	"2"	"Assault by other and unspecified firearm discharge"	"X95"	12	3922044	Unreliable	0.0%
	"2019"	"2019"	"3 years"	"3"	"Assault by other and unspecified firearm discharge"	"X95"	11	3998665	Unreliable	0.0%
	"2019"	"2019"	"5 years"	"5"	"Assault by other and unspecified firearm discharge"	"X95"	12	4028281	Unreliable	0.0%
	"2019"	"2019"	"6 years"	"6"	"Assault by other and unspecified firearm discharge"	"X95"	11	4017227	Unreliable	0.0%
	"2019"	"2019"	"7 years"	"7"	"Assault by other and unspecified firearm discharge"	"X95"	11	4022319	Unreliable	0.0%
	"2019"	"2019"	"8 years"	"8"	"Assault by other and unspecified firearm discharge"	"X95"	12	4066194	Unreliable	0.0%
	"2019"	"2019"	"9 years"	"9"	"Assault by other and unspecified firearm discharge"	"X95"	12	4061874	Unreliable	0.0%
	"2019"	"2019"	"10 years"	"10"	"Assault by other and unspecified firearm discharge"	"X95"	13	4060940	Unreliable	0.0%
	"2019"	"2019"	"11 years"	"11"	"Assault by other and unspecified firearm discharge"	"X95"	14	4189261	Unreliable	0.0%
	"2019"	"2019"	"12 years"	"12"	"Intentional self-harm by other and unspecified firearm discharge"	"X74"	18	4208387	Unreliable	0.1%
	"2019"	"2019"	"12 years"	"12"	"Assault by other and unspecified firearm discharge"	"X95"	18	4208387	Unreliable	0.1%
	"2019"	"2019"	"13 years"	"13"	"Intentional self-harm by handgun discharge"	"X72"	10	4175221	Unreliable	0.0%
	"2019"	"2019"	"13 years"	"13"	"Intentional self-harm by other and unspecified firearm discharge"	"X74"	29	4175221	0.7	0.1%
	"2019"	"2019"	"13 years"	"13"	"Assault by other and unspecified firearm discharge"	"X95"	24	4175221	0.6	0.1%
	"2019"	"2019"	"14 years"	"14"	"Intentional self-harm by handgun discharge"	"X72"	19	4164459	Unreliable	0.1%
	"2019"	"2019"	"14 years"	"14"	"Intentional self-harm by rifle, shotgun and larger firearm discharge"	"X73"	13	4164459	Unreliable	0.0%
	"2019"	"2019"	"14 years"	"14"	"Intentional self-harm by other and unspecified firearm discharge"	"X74"	54	4164459	1.3	0.2%
	"2019"	"2019"	"14 years"	"14"	"Assault by other and unspecified firearm discharge"	"X95"	56	4164459	1.3	0.2%
	"2019"	"2019"	"15 years"	"15"	"Intentional self-harm by handgun discharge"	"X72"	27	4175459	0.6	0.1%
	"2019"	"2019"	"15 years"	"15"	"Intentional self-harm by rifle, shotgun and larger firearm discharge"	"X73"	19	4175459	Unreliable	0.1%
	"2019"	"2019"	"15 years"	"15"	"Intentional self-harm by other and unspecified firearm discharge"	"X74"	77	4175459	1.8	0.3%
	"2019"	"2019"	"15 years"	"15"	"Assault by other and unspecified firearm discharge"	"X95"	113	4175459	2.7	0.4%
	"2019"	"2019"	"16 years"	"16"	"Intentional self-harm by handgun discharge"	"X72"	40	4150420	1.0	0.1%
	"2019"	"2019"	"16 years"	"16"	"Intentional self-harm by rifle, shotgun and larger firearm discharge"	"X73"	30	4150420	0.7	0.1%
	"2019"	"2019"	"16 years"	"16"	"Intentional self-harm by other and unspecified firearm discharge"	"X74"	99	4150420	2.4	0.3%
	"2019"	"2019"	"16 years"	"16"	"Assault by handgun discharge"	"X93"	10	4150420	Unreliable	0.0%
	"2019"	"2019"	"16 years"	"16"	"Assault by other and unspecified firearm discharge"	"X95"	195	4150420	4.7	0.6%
	"2019"	"2019"	"17 years"	"17"	"Intentional self-harm by handgun discharge"	"X72"	48	4142425	1.2	0.2%
	"2019"	"2019"	"17 years"	"17"	"Intentional self-harm by rifle, shotgun and larger firearm discharge"	"X73"	22	4142425	0.5	0.1%
	"2019"	"2019"	"17 years"	"17"	"Intentional self-harm by other and unspecified firearm discharge"	"X74"	123	4142425	3.0	0.4%
	"2019"	"2019"	"17 years"	"17"	"Assault by handgun discharge"	"X93"	16	4142425	Unreliable	0.1%
	"2019"	"2019"	"17 years"	"17"	"Assault by other and unspecified firearm discharge"	"X95"	315	4142425	7.6	1.0%
	"2020 "	"2020"	"< 1 year"	"0"	"Assault by other and unspecified firearm discharge"	"X95"	10	3735010	Unreliable	0.0%
	"2020 "	"2020"	"1 year"	"1"	"Assault by other and unspecified firearm discharge"	"X95"	13	3773884	Unreliable	0.0%
	"2020 "	"2020"	"2 years"	"2"	"Assault by other and unspecified firearm discharge"	"X95"	16	3853025	Unreliable	0.1%
	"2020 "	"2020"	"3 years"	"3"	"Assault by other and unspecified firearm discharge"	"X95"	22	3921526	0.6	0.1%
	"2020 "	"2020"	"4 years"	"4"	"Assault by other and unspecified firearm discharge"	"X95"	20	4017847	0.5	0.1%
	"2020 "	"2020"	"5 years"	"5"	"Assault by other and unspecified firearm discharge"	"X95"	11	4054336	Unreliable	0.0%
	"2020 "	"2020"	"6 years"	"6"	"Assault by other and unspecified firearm discharge"	"X95"	20	4040169	0.5	0.1%
	"2020 "	"2020"	"7 years"	"7"	"Assault by other and unspecified firearm discharge"	"X95"	17	4029753	Unreliable	0.1%
	"2020 "	"2020"	"8 years"	"8"	"Assault by other and unspecified firearm discharge"	"X95"	18	4034785	Unreliable	0.1%
	"2020 "	"2020"	"9 years"	"9"	"Assault by other and unspecified firearm discharge"	"X95"	15	4078668	Unreliable	0.0%
	"2020 "	"2020"	"10 years"	"10"	"Assault by other and unspecified firearm discharge"	"X95"	17	4074173	Unreliable	0.1%
	"2020 "	"2020"	"11 years"	"11"	"Assault by other and unspecified firearm discharge"	"X95"	29	4072994	0.7	0.1%
	"2020 "	"2020"	"12 years"	"12"	"Intentional self-harm by other and unspecified firearm discharge"	"X74"	26	4200977	0.6	0.1%
	"2020 "	"2020"	"12 years"	"12"	"Assault by other and unspecified firearm discharge"	"X95"	32	4200977	0.8	0.1%
	"2020 "	"2020"	"13 years"	"13"	"Intentional self-harm by handgun discharge"	"X72"	13	4219921	Unreliable	0.0%
	"2020 "	"2020"	"13 years"	"13"	"Intentional self-harm by other and unspecified firearm discharge"	"X74"	41	4219921	1.0	0.1%
	"2020 "	"2020"	"13 years"	"13"	"Assault by other and unspecified firearm discharge"	"X95"	30	4219921	0.7	0.1%
	"2020 "	"2020"	"14 years"	"14"	"Intentional self-harm by handgun discharge"	"X72"	34	4186358	0.8	0.1%
	"2020 "	"2020"	"14 years"	"14"	"Intentional self-harm by rifle, shotgun and larger firearm discharge"	"X73"	11	4186358	Unreliable	0.0%
	"2020 "	"2020"	"14 years"	"14"	"Intentional self-harm by other and unspecified firearm discharge"	"X74"	65	4186358	1.6	0.2%
	"2020 "	"2020"	"14 years"	"14"	"Assault by other and unspecified firearm discharge"	"X95"	84	4186358	2.0	0.3%
	"2020 "	"2020"	"15 years"	"15"	"Intentional self-harm by handgun discharge"	"X72"	29	4175920	0.7	0.1%
	"2020 "	"2020"	"15 years"	"15"	"Intentional self-harm by rifle, shotgun and larger firearm discharge"	"X73"	12	4175920	Unreliable	0.0%
	"2020 "	"2020"	"15 years"	"15"	"Intentional self-harm by other and unspecified firearm discharge"	"X74"	101	4175920	2.4	0.3%
	"2020 "	"2020"	"15 years"	"15"	"Assault by handgun discharge"	"X93"	11	4175920	Unreliable	0.0%
	"2020 "	"2020"	"15 years"	"15"	"Assault by other and unspecified firearm discharge"	"X95"	174	4175920	4.2	0.6%
	"2020 "	"2020"	"16 years"	"16"	"Intentional self-harm by handgun discharge"	"X72"	36	4187874	0.9	0.1%
	"2020 "	"2020"	"16 years"	"16"	"Intentional self-harm by rifle, shotgun and larger firearm discharge"	"X73"	27	4187874	0.6	0.1%
	"2020 "	"2020"	"16 years"	"16"	"Intentional self-harm by other and unspecified firearm discharge"	"X74"	114	4187874	2.7	0.4%
	"2020 "	"2020"	"16 years"	"16"	"Assault by handgun discharge"	"X93"	25	4187874	0.6	0.1%
	"2020 "	"2020"	"16 years"	"16"	"Assault by other and unspecified firearm discharge"	"X95"	282	4187874	6.7	0.9%
	"2020 "	"2020"	"17 years"	"17"	"Intentional self-harm by handgun discharge"	"X72"	34	4164893	0.8	0.1%
	"2020 "	"2020"	"17 years"	"17"	"Intentional self-harm by rifle, shotgun and larger firearm discharge"	"X73"	30	4164893	0.7	0.1%
	"2020 "	"2020"	"17 years"	"17"	"Intentional self-harm by other and unspecified firearm discharge"	"X74"	114	4164893	2.7	0.4%
	"2020 "	"2020"	"17 years"	"17"	"Assault by handgun discharge"	"X93"	29	4164893	0.7	0.1%
	"2020 "	"2020"	"17 years"	"17"	"Assault by other and unspecified firearm discharge"	"X95"	442	4164893	10.6	1.5%
"---"
"Dataset: Underlying Cause of Death, 1999-2020"
"Query Parameters:"
"ICD-10 Codes: X72 (Intentional self-harm by handgun discharge); X73 (Intentional self-harm by rifle, shotgun and larger firearm"
"discharge); X74 (Intentional self-harm by other and unspecified firearm discharge); X93 (Assault by handgun discharge); X94"
"(Assault by rifle, shotgun and larger firearm discharge); X95 (Assault by other and unspecified firearm discharge)"
"Single-Year Ages: < 1 year; 1 year; 2 years; 3 years; 4 years; 5 years; 6 years; 7 years; 8 years; 9 years; 10 years; 11 years;"
"12 years; 13 years; 14 years; 15 years; 16 years; 17 years"
"Group By: Year; Single-Year Ages; Cause of death"
"Show Totals: Disabled"
"Show Zero Values: True"
"Show Suppressed: False"
"Calculate Rates Per: 100,000"
"Rate Options: Default intercensal populations for years 2001-2009 (except Infant Age Groups)"
"---"
"Help: See http://wonder.cdc.gov/wonder/help/ucd.html for more information."
"---"
"Query Date: Apr 4, 2023 9:38:32 PM"
"---"
"Suggested Citation: Centers for Disease Control and Prevention, National Center for Health Statistics. National Vital Statistics"
"System, Mortality 1999-2020 on CDC WONDER Online Database, released in 2021. Data are from the Multiple Cause of Death Files,"
"1999-2020, as compiled from data provided by the 57 vital statistics jurisdictions through the Vital Statistics Cooperative"
"Program. Accessed at http://wonder.cdc.gov/ucd-icd10.html on Apr 4, 2023 9:38:32 PM"
"---"
Messages:
"1. Totals are not available for these results due to suppression constraints. More Information:"
"http://wonder.cdc.gov/wonder/help/faq.html#Privacy."
"2. Rows with suppressed Deaths are hidden. Use Quick Options above to show suppressed rows."
"---"
Caveats:
"1. As of April 3, 2017, the underlying cause of death has been revised for 125 deaths in 2014. More information:"
"http://wonder.cdc.gov/wonder/help/ucd.html#2014-Revision."
"2. Circumstances in Georgia for the years 2008 and 2009 have resulted in unusually high death counts for the ICD-10 cause of"
"death code R99, ""Other ill-defined and unspecified causes of mortality."" Caution should be used in interpreting these data."
"More information: http://wonder.cdc.gov/wonder/help/ucd.html#Georgia-Reporting-Anomalies."
"3. Circumstances in New Jersey for the year 2009 have resulted in unusually high death counts for the ICD-10 cause of death code"
"R99, ""Other ill-defined and unspecified causes of mortality"" and therefore unusually low death counts in other ICD-10 codes,"
"most notably R95, ""Sudden Infant Death Syndrome"" and X40-X49, ""Unintentional poisoning."" Caution should be used in"
"interpreting these data. More information: http://wonder.cdc.gov/wonder/help/ucd.html#New-Jersey-Reporting-Anomalies."
"4. Circumstances in California resulted in unusually high death counts for the ICD-10 cause of death code R99, ""Other"
"ill-defined and unspecified causes of mortality"" for deaths occurring in years 2000 and 2001. Caution should be used in"
"interpreting these data. More information: http://wonder.cdc.gov/wonder/help/ucd.html#California-Reporting-Anomalies."
"5. Data are Suppressed when the data meet the criteria for confidentiality constraints. More information:"
"http://wonder.cdc.gov/wonder/help/ucd.html#Assurance of Confidentiality."
"6. Death rates are flagged as Unreliable when the rate is calculated with a numerator of 20 or less. More information:"
"http://wonder.cdc.gov/wonder/help/ucd.html#Unreliable."
"7. Deaths of persons with Age ""Not Stated"" are included in ""All"" counts and rates, but are not distributed among age groups,"
"so are not included in age-specific counts, age-specific rates or in any age-adjusted rates. More information:"
"http://wonder.cdc.gov/wonder/help/ucd.html#Not Stated."
"8. The population figures for year 2020 are bridged-race estimates of the July 1 resident population, from the Vintage 2020"
"postcensal series released by NCHS on September 22, 2021. The population figures for year 2019 are bridged-race estimates of the"
"July 1 resident population, from the Vintage 2019 postcensal series released by NCHS on July 9, 2020. The population figures for"
"year 2018 are bridged-race estimates of the July 1 resident population, from the Vintage 2018 postcensal series released by NCHS"
"on June 25, 2019. The population figures for year 2017 are bridged-race estimates of the July 1 resident population, from the"
"Vintage 2017 postcensal series released by NCHS on June 27, 2018. The population figures for year 2016 are bridged-race"
"estimates of the July 1 resident population, from the Vintage 2016 postcensal series released by NCHS on June 26, 2017. The"
"population figures for year 2015 are bridged-race estimates of the July 1 resident population, from the Vintage 2015 postcensal"
"series released by NCHS on June 28, 2016. The population figures for year 2014 are bridged-race estimates of the July 1 resident"
"population, from the Vintage 2014 postcensal series released by NCHS on June 30, 2015. The population figures for year 2013 are"
"bridged-race estimates of the July 1 resident population, from the Vintage 2013 postcensal series released by NCHS on June 26,"
"2014. The population figures for year 2012 are bridged-race estimates of the July 1 resident population, from the Vintage 2012"
"postcensal series released by NCHS on June 13, 2013. The population figures for year 2011 are bridged-race estimates of the July"
"1 resident population, from the Vintage 2011 postcensal series released by NCHS on July 18, 2012. Population figures for 2010"
"are April 1 Census counts. The population figures for years 2001 - 2009 are bridged-race estimates of the July 1 resident"
"population, from the revised intercensal county-level 2000 - 2009 series released by NCHS on October 26, 2012. Population"
"figures for 2000 are April 1 Census counts. Population figures for 1999 are from the 1990-1999 intercensal series of July 1"
"estimates. Population figures for the infant age groups are the number of live births. <br/><b>Note:</b> Rates and population"
"figures for years 2001 - 2009 differ slightly from previously published reports, due to use of the population estimates which"
"were available at the time of release."
"9. The population figures used in the calculation of death rates for the age group 'under 1 year' are the estimates of the"
"resident population that is under one year of age. More information: http://wonder.cdc.gov/wonder/help/ucd.html#Age Group."
"10. Beginning with the 2018 data, changes have been implemented that affect the counts for ICD-10 cause of death codes O00-O99"
"compared to previous practice. In addition, data for the cause of death codes O00-O99 for 2003 through 2017 reflect differences"
"in information available to individual states and probable errors. Caution should be used in interpreting these data. More"
"information can be found at: https://www.cdc.gov/nchs/maternal-mortality/."
"11. On March 11, 2021, the 2019 mortality data on CDC WONDER was updated with the 2019 mortality data updated by NCHS on March"
"4, 2021 to include corrected information for residents of Texas affecting 5 records previously coded to cause code *U01.4,"
"Terrorism involving firearms (homicide). The underlying and multiple cause of death codes for 5 records were corrected in the"
"2019 data. Underlying and multiple cause of death codes for those 5 records were recoded to Assault (homicide) by other and"
"unspecified firearm discharge, ICD-10 code X95. The corrected final death records replaces the data released on December 22,"
"2020."
"12. Changes to cause of death classification affect reporting trends. More information:"
"http://wonder.cdc.gov/wonder/help/ucd.html#ICD-10 Changes."